Product_Code,Total_Order_Count,Avg_Customer_Frequency,Avg_Days_Between_Orders,Total_Units_Sold,Quadrant
Pdt E001,711,3.8225806451612905,50.07575757575758,31992,"Star Products (High Pop, High Recurrence)"
Pdt E002,813,4.5418994413407825,51.96056782334385,39600,"Star Products (High Pop, High Recurrence)"
Pdt E003,2127,5.264851485148514,59.18800461361015,149136,"Star Products (High Pop, High Recurrence)"
Pdt E004,1993,5.045569620253165,62.155043586550434,140704,"Star Products (High Pop, High Recurrence)"
Pdt E005,1190,4.296028880866426,59.511475409836066,26604,"Star Products (High Pop, High Recurrence)"
Pdt E006,424,2.7532467532467533,80.09558823529412,9740,"Underperformers (Low Pop, Low Recurrence)"
Pdt E007,1716,4.7272727272727275,61.682890855457224,38124,"Star Products (High Pop, High Recurrence)"
Pdt E008,1528,4.304225352112676,69.81632653061224,33708,"Star Products (High Pop, High Recurrence)"
Pdt E009,405,4.4021739130434785,54.68370607028754,7740,"Niche/Loyalty Products (Low Pop, High Recurrence)"
Pdt E010,592,4.933333333333334,53.936440677966104,33584,"Niche/Loyalty Products (Low Pop, High Recurrence)"
Pdt E011,530,4.416666666666667,62.08048780487805,18576,"Niche/Loyalty Products (Low Pop, High Recurrence)"
Pdt E012,117,2.5434782608695654,69.21126760563381,2272,"Underperformers (Low Pop, Low Recurrence)"
Pdt E013,20,1.0,0.0,564,"Underperformers (Low Pop, Low Recurrence)"
Pdt E014,1545,4.813084112149533,52.655564581640945,35004,"Star Products (High Pop, High Recurrence)"
Pdt E015,1841,5.595744680851064,54.613157894736844,42384,"Star Products (High Pop, High Recurrence)"
Pdt E016,575,2.9947916666666665,67.72727272727273,12048,"Underperformers (Low Pop, Low Recurrence)"
Pdt E017,1342,4.88,58.92100371747212,33012,"Star Products (High Pop, High Recurrence)"
Pdt E018,108,1.4210526315789473,21.34375,2784,"Underperformers (Low Pop, Low Recurrence)"
Pdt E019,100,1.3333333333333333,21.296296296296298,2892,"Underperformers (Low Pop, Low Recurrence)"
Pdt E020,59,1.2553191489361701,59.0,1472,"Underperformers (Low Pop, Low Recurrence)"
Pdt E021,33,1.1,12.333333333333334,552,"Underperformers (Low Pop, Low Recurrence)"
Pdt E022,53,1.2325581395348837,79.75,1200,"Underperformers (Low Pop, Low Recurrence)"
Pdt E023,425,2.5757575757575757,58.23664122137404,9696,"Underperformers (Low Pop, Low Recurrence)"
Pdt E024,262,1.9407407407407407,61.44961240310077,5800,"Underperformers (Low Pop, Low Recurrence)"
Pdt E025,18,1.0588235294117647,175.0,464,"Underperformers (Low Pop, Low Recurrence)"
Pdt E026,719,3.824468085106383,66.69793621013133,16892,"Star Products (High Pop, High Recurrence)"
Pdt E027,28,1.0769230769230769,15.0,480,"Underperformers (Low Pop, Low Recurrence)"
Pdt E028,119,2.5319148936170213,55.02777777777778,3276,"Underperformers (Low Pop, Low Recurrence)"
Pdt E029,226,3.138888888888889,52.0,6552,"Underperformers (Low Pop, Low Recurrence)"
Pdt E030,216,2.958904109589041,51.30769230769231,6888,"Underperformers (Low Pop, Low Recurrence)"
Pdt E031,149,1.9605263157894737,70.74666666666667,2772,"Underperformers (Low Pop, Low Recurrence)"
Pdt E032,101,1.8703703703703705,62.46938775510204,1704,"Underperformers (Low Pop, Low Recurrence)"
Pdt E033,136,1.7894736842105263,70.24193548387096,2364,"Underperformers (Low Pop, Low Recurrence)"
Pdt E034,63,1.5365853658536586,37.90909090909091,1120,"Underperformers (Low Pop, Low Recurrence)"
Pdt E035,36,1.2,10.666666666666666,828,"Underperformers (Low Pop, Low Recurrence)"
Pdt E036,33,1.32,39.5,768,"Underperformers (Low Pop, Low Recurrence)"
Pdt E037,30,1.1111111111111112,16.0,648,"Underperformers (Low Pop, Low Recurrence)"
Pdt E038,36,1.1612903225806452,23.0,684,"Underperformers (Low Pop, Low Recurrence)"
Pdt E039,20,1.0,,360,"Underperformers (Low Pop, Low Recurrence)"
Pdt E040,5,1.0,,96,"Underperformers (Low Pop, Low Recurrence)"
Pdt E041,1,1.0,,12,"Underperformers (Low Pop, Low Recurrence)"
Pdt E042,46,1.4375,24.214285714285715,3504,"Underperformers (Low Pop, Low Recurrence)"
Pdt E043,45,1.2857142857142858,20.4,1224,"Underperformers (Low Pop, Low Recurrence)"
Pdt E044,1,1.0,,24,"Underperformers (Low Pop, Low Recurrence)"
Pdt E045,10,1.0,,240,"Underperformers (Low Pop, Low Recurrence)"
Pdt E046,10,1.0,,208,"Underperformers (Low Pop, Low Recurrence)"
Pdt E047,13,1.0,,240,"Underperformers (Low Pop, Low Recurrence)"
Pdt E048,8,1.1428571428571428,7.0,144,"Underperformers (Low Pop, Low Recurrence)"
Pdt E049,5,1.0,,80,"Underperformers (Low Pop, Low Recurrence)"
Pdt E050,196,2.8405797101449277,69.54961832061069,4452,"Underperformers (Low Pop, Low Recurrence)"
Pdt E051,225,3.0405405405405403,60.006410256410255,7476,"Underperformers (Low Pop, Low Recurrence)"
Pdt E052,281,3.9027777777777777,57.91079812206573,10416,"Niche/Loyalty Products (Low Pop, High Recurrence)"
Pdt E053,154,2.75,97.30392156862744,4164,"Underperformers (Low Pop, Low Recurrence)"
Pdt E054,334,3.121495327102804,69.02164502164503,11568,"Underperformers (Low Pop, Low Recurrence)"
Pdt E055,273,2.757575757575758,74.70224719101124,7104,"Underperformers (Low Pop, Low Recurrence)"
Pdt E056,105,2.019230769230769,75.47368421052632,2844,"Underperformers (Low Pop, Low Recurrence)"
Pdt E057,235,2.640449438202247,84.78911564625851,6588,"Underperformers (Low Pop, Low Recurrence)"
Pdt E058,317,3.561797752808989,63.78260869565217,10684,"Niche/Loyalty Products (Low Pop, High Recurrence)"
Pdt E059,223,3.0547945205479454,90.63815789473684,5396,"Underperformers (Low Pop, Low Recurrence)"
Pdt E060,28,1.12,29.333333333333332,576,"Underperformers (Low Pop, Low Recurrence)"
Pdt E061,86,1.6226415094339623,36.696969696969695,4704,"Underperformers (Low Pop, Low Recurrence)"
Pdt E062,57,1.3902439024390243,36.5625,3240,"Underperformers (Low Pop, Low Recurrence)"
Pdt E063,33,1.03125,19.0,2416,"Underperformers (Low Pop, Low Recurrence)"
Pdt E064,17,1.0625,19.0,420,"Underperformers (Low Pop, Low Recurrence)"
Pdt E065,17,1.4166666666666667,22.4,400,"Underperformers (Low Pop, Low Recurrence)"
Pdt E066,40,1.0810810810810811,12.333333333333334,2760,"Underperformers (Low Pop, Low Recurrence)"
Pdt E067,10,1.1111111111111112,17.0,204,"Underperformers (Low Pop, Low Recurrence)"
Pdt E068,2,1.0,,108,"Underperformers (Low Pop, Low Recurrence)"
Pdt E070,15,1.0,,336,"Underperformers (Low Pop, Low Recurrence)"
Pdt E071,14,1.0769230769230769,159.0,240,"Underperformers (Low Pop, Low Recurrence)"
Pdt E072,65,1.2745098039215685,31.428571428571427,1320,"Underperformers (Low Pop, Low Recurrence)"
Pdt E073,24,1.1428571428571428,18.333333333333332,1140,"Underperformers (Low Pop, Low Recurrence)"
Pdt E074,5,1.0,,76,"Underperformers (Low Pop, Low Recurrence)"
Pdt E075,52,1.3,48.583333333333336,1092,"Underperformers (Low Pop, Low Recurrence)"
Pdt E076,462,3.9827586206896552,66.16184971098266,9812,"Niche/Loyalty Products (Low Pop, High Recurrence)"
Pdt E077,359,3.6262626262626263,79.49808429118774,7420,"Niche/Loyalty Products (Low Pop, High Recurrence)"
Pdt E078,9,1.125,4.0,1416,"Underperformers (Low Pop, Low Recurrence)"
Pdt E079,29,1.380952380952381,28.75,564,"Underperformers (Low Pop, Low Recurrence)"
Pdt E080,84,1.2727272727272727,23.166666666666668,1980,"Underperformers (Low Pop, Low Recurrence)"
Pdt E081,40,1.3793103448275863,14.181818181818182,748,"Underperformers (Low Pop, Low Recurrence)"
Pdt E082,12,1.0,,240,"Underperformers (Low Pop, Low Recurrence)"
Pdt E083,77,1.1666666666666667,19.90909090909091,1832,"Underperformers (Low Pop, Low Recurrence)"
Pdt E084,28,1.4,23.125,480,"Underperformers (Low Pop, Low Recurrence)"
Pdt E085,111,1.85,69.66666666666667,2064,"Underperformers (Low Pop, Low Recurrence)"
Pdt E086,132,1.5348837209302326,68.34782608695652,2820,"Underperformers (Low Pop, Low Recurrence)"
Pdt E087,142,1.595505617977528,72.44444444444444,3048,"Underperformers (Low Pop, Low Recurrence)"
Pdt E088,35,1.8421052631578947,45.625,1884,"Underperformers (Low Pop, Low Recurrence)"
Pdt E089,47,1.6785714285714286,50.73684210526316,3356,"Underperformers (Low Pop, Low Recurrence)"
Pdt E090,37,1.3703703703703705,40.5,2208,"Underperformers (Low Pop, Low Recurrence)"
Pdt E091,10,1.1111111111111112,8.0,192,"Underperformers (Low Pop, Low Recurrence)"
Pdt E092,79,1.2741935483870968,16.294117647058822,1568,"Underperformers (Low Pop, Low Recurrence)"
Pdt E093,8,1.0,,192,"Underperformers (Low Pop, Low Recurrence)"
Pdt E094,454,2.467391304347826,76.1029411764706,30840,"Underperformers (Low Pop, Low Recurrence)"
Pdt E095,39,1.21875,59.5,680,"Underperformers (Low Pop, Low Recurrence)"
Pdt E096,207,2.07,104.80555555555556,5268,"Underperformers (Low Pop, Low Recurrence)"
Pdt E097,155,2.0945945945945947,90.78048780487805,3900,"Underperformers (Low Pop, Low Recurrence)"
Pdt E098,167,1.941860465116279,111.54878048780488,4224,"Underperformers (Low Pop, Low Recurrence)"
Pdt E099,232,1.982905982905983,118.63478260869566,5536,"Underperformers (Low Pop, Low Recurrence)"
Pdt E100,530,2.8191489361702127,61.20579710144928,13200,"Underperformers (Low Pop, Low Recurrence)"
Pdt E101,158,2.507936507936508,54.90721649484536,3040,"Underperformers (Low Pop, Low Recurrence)"
Pdt E102,1111,4.3062015503875966,63.98717948717949,27420,"Star Products (High Pop, High Recurrence)"
Pdt E103,483,2.8579881656804735,77.22539682539683,10428,"Underperformers (Low Pop, Low Recurrence)"
Pdt E104,2521,5.444924406047516,60.22072289156627,51760,"Star Products (High Pop, High Recurrence)"
Pdt E105,2489,5.7218390804597705,56.56956521739131,48624,"Star Products (High Pop, High Recurrence)"
Pdt E106,581,3.542682926829268,54.196172248803826,11396,"Underperformers (Low Pop, Low Recurrence)"
Pdt E107,253,3.0853658536585367,56.41279069767442,4988,"Underperformers (Low Pop, Low Recurrence)"
Pdt E108,1419,4.714285714285714,59.741134751773046,27808,"Star Products (High Pop, High Recurrence)"
Pdt E109,1837,4.846965699208443,55.188692098092645,36956,"Star Products (High Pop, High Recurrence)"
Pdt E110,318,3.382978723404255,67.81140350877193,6456,"Underperformers (Low Pop, Low Recurrence)"
Pdt E111,1638,5.233226837060703,55.39192221391174,33728,"Star Products (High Pop, High Recurrence)"
Pdt E112,410,3.106060606060606,69.50179211469533,9060,"Underperformers (Low Pop, Low Recurrence)"
Pdt E113,156,2.136986301369863,74.74698795180723,3204,"Underperformers (Low Pop, Low Recurrence)"
Pdt E114,785,3.019230769230769,61.041666666666664,49992,"Mass Appeal Products (High Pop, Low Recurrence)"
Pdt E115,151,2.0405405405405403,44.46153846153846,6792,"Underperformers (Low Pop, Low Recurrence)"
Pdt F116,1012,3.442176870748299,73.50484094052558,25620,"Mass Appeal Products (High Pop, Low Recurrence)"
Pdt F117,2599,4.90377358490566,41.26880689985625,111316,"Star Products (High Pop, High Recurrence)"
Pdt F118,1169,3.2115384615384617,51.903225806451616,37692,"Mass Appeal Products (High Pop, Low Recurrence)"
Pdt F119,1684,3.4937759336099585,43.623248145094806,57840,"Mass Appeal Products (High Pop, Low Recurrence)"
Pdt F120,972,2.677685950413223,48.76393442622951,28476,"Mass Appeal Products (High Pop, Low Recurrence)"
Pdt F121,1508,3.8666666666666667,44.2202486678508,46032,"Star Products (High Pop, High Recurrence)"
Pdt F122,404,3.543859649122807,44.539518900343644,12096,"Underperformers (Low Pop, Low Recurrence)"
Pdt F123,208,2.888888888888889,41.338235294117645,7932,"Underperformers (Low Pop, Low Recurrence)"
Pdt F124,282,3.168539325842697,43.9119170984456,11904,"Underperformers (Low Pop, Low Recurrence)"
Pdt F125,676,3.9302325581395348,38.60276679841897,29292,"Star Products (High Pop, High Recurrence)"
Pdt F126,467,3.8595041322314048,42.10086455331412,17508,"Niche/Loyalty Products (Low Pop, High Recurrence)"
Pdt F127,392,3.408695652173913,50.615107913669064,12468,"Underperformers (Low Pop, Low Recurrence)"
Pdt F128,398,3.3445378151260505,48.80714285714286,12060,"Underperformers (Low Pop, Low Recurrence)"
Pdt F129,215,3.5245901639344264,37.20779220779221,6096,"Underperformers (Low Pop, Low Recurrence)"
Pdt F130,521,3.859259259259259,38.07772020725388,19176,"Niche/Loyalty Products (Low Pop, High Recurrence)"
Pdt F131,413,2.3735632183908044,50.520833333333336,11124,"Underperformers (Low Pop, Low Recurrence)"
Pdt F132,77,1.2222222222222223,17.928571428571427,2268,"Underperformers (Low Pop, Low Recurrence)"
Pdt F133,5,1.0,,108,"Underperformers (Low Pop, Low Recurrence)"
Pdt F134,177,2.36,63.24271844660194,4600,"Underperformers (Low Pop, Low Recurrence)"
Pdt F135,244,3.536231884057971,60.63068181818182,6820,"Underperformers (Low Pop, Low Recurrence)"
Pdt F136,9,1.0,,372,"Underperformers (Low Pop, Low Recurrence)"
Pdt F137,57,1.1176470588235294,67.83333333333333,1700,"Underperformers (Low Pop, Low Recurrence)"
Pdt F138,3,1.0,,60,"Underperformers (Low Pop, Low Recurrence)"
Pdt F139,167,2.693548387096774,61.20754716981132,4932,"Underperformers (Low Pop, Low Recurrence)"
Pdt F140,191,2.984375,54.826771653543304,5136,"Underperformers (Low Pop, Low Recurrence)"
Pdt F141,3,1.0,,60,"Underperformers (Low Pop, Low Recurrence)"
Pdt F142,5,1.0,,84,"Underperformers (Low Pop, Low Recurrence)"
Pdt F143,1123,4.583673469387755,57.6180790960452,33188,"Star Products (High Pop, High Recurrence)"
Pdt F144,395,2.7430555555555554,69.17391304347827,9824,"Underperformers (Low Pop, Low Recurrence)"
Pdt F145,1569,4.172872340425532,65.45530492898914,39892,"Star Products (High Pop, High Recurrence)"
Pdt F146,652,3.76878612716763,60.24066390041494,19740,"Niche/Loyalty Products (Low Pop, High Recurrence)"
Pdt F147,12,1.0909090909090908,31.0,168,"Underperformers (Low Pop, Low Recurrence)"
Pdt F148,36,1.44,56.90909090909091,648,"Underperformers (Low Pop, Low Recurrence)"
Pdt F149,988,3.1768488745980705,84.52276064610867,26840,"Mass Appeal Products (High Pop, Low Recurrence)"
Pdt F150,2204,4.780911062906725,63.40239043824701,72180,"Star Products (High Pop, High Recurrence)"
Pdt F151,1248,3.43801652892562,83.51518560179977,33432,"Mass Appeal Products (High Pop, Low Recurrence)"
Pdt F152,1,1.0,,12,"Underperformers (Low Pop, Low Recurrence)"
Pdt F153,59,1.4390243902439024,75.0,2924,"Underperformers (Low Pop, Low Recurrence)"
Pdt F154,424,2.864864864864865,87.10791366906474,12056,"Underperformers (Low Pop, Low Recurrence)"
Pdt F155,970,3.9917695473251027,66.30095759233926,31524,"Star Products (High Pop, High Recurrence)"
Pdt F156,305,2.259259259259259,60.02923976608187,8644,"Underperformers (Low Pop, Low Recurrence)"
Pdt F157,362,2.742424242424242,92.80086580086581,10656,"Underperformers (Low Pop, Low Recurrence)"
Pdt F158,324,2.8421052631578947,81.72558139534884,8944,"Underperformers (Low Pop, Low Recurrence)"
Pdt F159,810,2.53125,63.176,20652,"Mass Appeal Products (High Pop, Low Recurrence)"
Pdt F160,574,2.1908396946564888,56.403174603174605,13784,"Underperformers (Low Pop, Low Recurrence)"
Pdt F161,1447,3.1185344827586206,47.75751503006012,43432,"Mass Appeal Products (High Pop, Low Recurrence)"
Pdt F162,911,2.829192546583851,53.01525423728813,21684,"Mass Appeal Products (High Pop, Low Recurrence)"
Pdt F163,1199,2.8211764705882354,54.59235668789809,29456,"Mass Appeal Products (High Pop, Low Recurrence)"
Pdt F164,181,2.207317073170732,57.227722772277225,4980,"Underperformers (Low Pop, Low Recurrence)"
Pdt F165,691,3.5618556701030926,45.05118110236221,24036,"Star Products (High Pop, High Recurrence)"
Pdt F166,351,2.5251798561151078,56.57142857142857,8384,"Underperformers (Low Pop, Low Recurrence)"
Pdt F167,207,2.4642857142857144,60.488,6120,"Underperformers (Low Pop, Low Recurrence)"
Pdt F168,439,2.74375,51.56140350877193,12380,"Underperformers (Low Pop, Low Recurrence)"
Pdt F169,1058,3.7785714285714285,52.715549936788875,27344,"Star Products (High Pop, High Recurrence)"
Pdt F170,138,2.6037735849056602,41.18604651162791,4068,"Underperformers (Low Pop, Low Recurrence)"
Pdt L171,8,1.0,,264,"Underperformers (Low Pop, Low Recurrence)"
Pdt M172,769,3.943589743589744,61.80381944444444,16524,"Star Products (High Pop, High Recurrence)"
Pdt M173,719,3.92896174863388,65.46938775510205,15348,"Star Products (High Pop, High Recurrence)"
Pdt M174,957,5.468571428571429,49.38422391857507,26248,"Star Products (High Pop, High Recurrence)"
Pdt M175,134,1.763157894736842,75.06896551724138,2552,"Underperformers (Low Pop, Low Recurrence)"
Pdt M176,116,1.7058823529411764,102.89583333333333,2184,"Underperformers (Low Pop, Low Recurrence)"
Pdt M177,77,4.052631578947368,77.5,3040,"Niche/Loyalty Products (Low Pop, High Recurrence)"
Pdt M178,36,3.272727272727273,95.8,688,"Underperformers (Low Pop, Low Recurrence)"
Pdt M179,2,2.0,104.0,32,"Underperformers (Low Pop, Low Recurrence)"
Pdt M180,551,4.669491525423729,55.97926267281106,11760,"Niche/Loyalty Products (Low Pop, High Recurrence)"
Pdt M181,442,5.8933333333333335,39.497297297297294,13332,"Niche/Loyalty Products (Low Pop, High Recurrence)"
Pdt M182,522,2.5714285714285716,108.67601246105919,14016,"Underperformers (Low Pop, Low Recurrence)"
Pdt M183,329,2.653225806451613,91.33980582524272,9016,"Underperformers (Low Pop, Low Recurrence)"
Pdt M184,782,3.6372093023255814,79.19014084507042,21744,"Star Products (High Pop, High Recurrence)"
Pdt M185,646,3.0046511627906978,91.13394919168591,18348,"Underperformers (Low Pop, Low Recurrence)"
Pdt M186,420,4.077669902912621,66.46687697160883,7932,"Niche/Loyalty Products (Low Pop, High Recurrence)"
Pdt M187,275,4.104477611940299,50.24761904761905,6948,"Niche/Loyalty Products (Low Pop, High Recurrence)"
Pdt M188,260,4.262295081967213,54.50248756218905,6196,"Niche/Loyalty Products (Low Pop, High Recurrence)"
Pdt M189,361,3.683673469387755,73.49429657794677,6620,"Niche/Loyalty Products (Low Pop, High Recurrence)"
Pdt N190,1303,3.8211143695014664,53.24612202688728,41508,"Star Products (High Pop, High Recurrence)"
Pdt N191,485,2.255813953488372,82.05166051660517,10872,"Underperformers (Low Pop, Low Recurrence)"
Pdt N192,8,1.3333333333333333,118.5,144,"Underperformers (Low Pop, Low Recurrence)"
Pdt N193,13,1.625,106.8,216,"Underperformers (Low Pop, Low Recurrence)"
Pdt N194,7,1.4,118.5,132,"Underperformers (Low Pop, Low Recurrence)"
Pdt N195,32,2.2857142857142856,48.333333333333336,708,"Underperformers (Low Pop, Low Recurrence)"
Pdt N196,33,2.2,45.05555555555556,792,"Underperformers (Low Pop, Low Recurrence)"
Pdt N197,35,1.2962962962962963,52.625,988,"Underperformers (Low Pop, Low Recurrence)"
Pdt N198,5,1.0,,168,"Underperformers (Low Pop, Low Recurrence)"
Pdt N199,383,2.6971830985915495,90.70491803278688,10656,"Underperformers (Low Pop, Low Recurrence)"
Pdt N200,426,3.0,88.65734265734265,12600,"Underperformers (Low Pop, Low Recurrence)"
Pdt N201,517,3.3141025641025643,77.22038567493112,19224,"Underperformers (Low Pop, Low Recurrence)"
Pdt N202,106,1.5142857142857142,77.94594594594595,2936,"Underperformers (Low Pop, Low Recurrence)"
Pdt N203,112,1.75,111.75510204081633,3240,"Underperformers (Low Pop, Low Recurrence)"
Pdt N204,949,2.6582633053221287,93.47979797979798,20124,"Mass Appeal Products (High Pop, Low Recurrence)"
Pdt N205,1348,3.3784461152882206,81.45693277310924,30440,"Mass Appeal Products (High Pop, Low Recurrence)"
Pdt N206,540,2.511627906976744,105.56748466257669,11276,"Underperformers (Low Pop, Low Recurrence)"
Pdt N207,528,2.3157894736842106,107.39403973509934,11424,"Underperformers (Low Pop, Low Recurrence)"
Pdt N208,22,1.1,12.6,624,"Underperformers (Low Pop, Low Recurrence)"
Pdt N209,1486,4.02710027100271,68.3214920071048,47892,"Star Products (High Pop, High Recurrence)"
Pdt N210,1108,3.6209150326797386,77.98884758364312,33024,"Star Products (High Pop, High Recurrence)"
Pdt N211,7,1.1666666666666667,7.5,264,"Underperformers (Low Pop, Low Recurrence)"
Pdt N212,3246,6.044692737430168,55.851257746992346,124920,"Star Products (High Pop, High Recurrence)"
Pdt N213,488,2.7570621468926553,78.15335463258786,17800,"Underperformers (Low Pop, Low Recurrence)"
Pdt N214,830,3.1320754716981134,93.24385964912281,19176,"Mass Appeal Products (High Pop, Low Recurrence)"
Pdt N215,462,3.0,74.27476038338658,16068,"Underperformers (Low Pop, Low Recurrence)"
Pdt N217,2324,5.1302428256070645,59.435194942044255,77208,"Star Products (High Pop, High Recurrence)"
Pdt N218,2,1.0,,48,"Underperformers (Low Pop, Low Recurrence)"
Pdt N219,3,1.0,,96,"Underperformers (Low Pop, Low Recurrence)"
Pdt N220,11,1.2222222222222223,49.0,320,"Underperformers (Low Pop, Low Recurrence)"
Pdt N221,2471,5.235169491525424,61.710344827586205,87372,"Star Products (High Pop, High Recurrence)"
Pdt N223,913,3.1267123287671232,89.89903846153847,19860,"Mass Appeal Products (High Pop, Low Recurrence)"
Pdt N224,132,1.3333333333333333,29.87878787878788,3408,"Underperformers (Low Pop, Low Recurrence)"
Pdt N225,688,3.8870056497175143,54.78886756238004,27920,"Star Products (High Pop, High Recurrence)"
Pdt N226,1571,4.848765432098766,68.78309409888357,43236,"Star Products (High Pop, High Recurrence)"
Pdt N227,959,3.144262295081967,88.98480243161094,24548,"Mass Appeal Products (High Pop, Low Recurrence)"
Pdt N228,1306,3.4278215223097113,80.7470398277718,33192,"Mass Appeal Products (High Pop, Low Recurrence)"
Pdt N229,2030,5.245478036175711,59.60580411124547,68076,"Star Products (High Pop, High Recurrence)"
Pdt N230,13,1.4444444444444444,46.0,384,"Underperformers (Low Pop, Low Recurrence)"
Pdt N231,4,1.0,,96,"Underperformers (Low Pop, Low Recurrence)"
Pdt N232,1063,5.236453201970443,56.641618497109825,45732,"Star Products (High Pop, High Recurrence)"
Pdt N233,706,3.3145539906103285,69.84507042253522,26496,"Mass Appeal Products (High Pop, Low Recurrence)"
Pdt N234,823,3.2529644268774702,89.20804195804196,21144,"Mass Appeal Products (High Pop, Low Recurrence)"
Pdt N236,1370,3.7845303867403315,77.80689655172414,36948,"Star Products (High Pop, High Recurrence)"
Pdt N237,989,4.70952380952381,54.289308176100626,40620,"Star Products (High Pop, High Recurrence)"
Pdt N238,1783,4.185446009389671,72.04325513196481,45620,"Star Products (High Pop, High Recurrence)"
Pdt N239,627,3.265625,79.98409090909091,16344,"Underperformers (Low Pop, Low Recurrence)"
Pdt N240,971,2.8985074626865672,90.79719188767551,20916,"Mass Appeal Products (High Pop, Low Recurrence)"
Pdt N241,60,1.2244897959183674,33.27272727272727,1272,"Underperformers (Low Pop, Low Recurrence)"
Pdt N242,26,1.1304347826086956,7.833333333333333,708,"Underperformers (Low Pop, Low Recurrence)"
Pdt N243,8,1.1428571428571428,12.5,336,"Underperformers (Low Pop, Low Recurrence)"
Pdt N244,8,1.3333333333333333,59.0,252,"Underperformers (Low Pop, Low Recurrence)"
Pdt N245,250,2.9411764705882355,59.38922155688623,6544,"Underperformers (Low Pop, Low Recurrence)"
Pdt N246,3,1.0,,48,"Underperformers (Low Pop, Low Recurrence)"
Pdt N247,2,1.0,,48,"Underperformers (Low Pop, Low Recurrence)"
Pdt N248,664,3.550802139037433,69.3277661795407,18612,"Mass Appeal Products (High Pop, Low Recurrence)"
Pdt N249,209,2.3222222222222224,122.04166666666667,5040,"Underperformers (Low Pop, Low Recurrence)"
Pdt N250,290,2.685185185185185,102.5934065934066,6768,"Underperformers (Low Pop, Low Recurrence)"
Pdt N251,227,2.986842105263158,79.82781456953643,5880,"Underperformers (Low Pop, Low Recurrence)"
Pdt N252,181,3.0166666666666666,71.22314049586777,6780,"Underperformers (Low Pop, Low Recurrence)"
Pdt N253,320,5.245901639344262,65.52107279693486,12792,"Niche/Loyalty Products (Low Pop, High Recurrence)"
Pdt O254,281,1.7239263803680982,81.28813559322033,14096,"Underperformers (Low Pop, Low Recurrence)"
Pdt O255,314,1.7348066298342542,90.00751879699249,13792,"Underperformers (Low Pop, Low Recurrence)"
Pdt O256,820,3.215686274509804,40.90509666080843,141024,"Mass Appeal Products (High Pop, Low Recurrence)"
Pdt O257,748,2.0549450549450547,34.700258397932814,188832,"Mass Appeal Products (High Pop, Low Recurrence)"
Pdt O258,1005,2.7534246575342465,57.19601837672282,107568,"Mass Appeal Products (High Pop, Low Recurrence)"
Pdt O259,508,2.3410138248847927,41.617747440273035,47800,"Underperformers (Low Pop, Low Recurrence)"
Pdt O260,500,1.7006802721088434,29.985849056603772,53624,"Underperformers (Low Pop, Low Recurrence)"
Pdt O261,429,2.0331753554502368,34.62162162162162,46472,"Underperformers (Low Pop, Low Recurrence)"
Pdt O263,1155,3.235294117647059,50.63216957605985,116868,"Mass Appeal Products (High Pop, Low Recurrence)"
Pdt O264,834,2.9679715302491103,59.78417266187051,80440,"Mass Appeal Products (High Pop, Low Recurrence)"
Pdt O265,462,2.393782383419689,117.22992700729927,16692,"Underperformers (Low Pop, Low Recurrence)"
Pdt O266,1587,4.737313432835821,70.42596991290579,88080,"Star Products (High Pop, High Recurrence)"
Pdt O267,287,2.707547169811321,89.93956043956044,10852,"Underperformers (Low Pop, Low Recurrence)"
Pdt O268,366,2.9516129032258065,92.14344262295081,14672,"Underperformers (Low Pop, Low Recurrence)"
Pdt O269,273,2.3947368421052633,104.16149068322981,11164,"Underperformers (Low Pop, Low Recurrence)"
Pdt O270,170,1.8478260869565217,107.44444444444444,3528,"Underperformers (Low Pop, Low Recurrence)"
Pdt O271,114,1.9322033898305084,123.32727272727273,5568,"Underperformers (Low Pop, Low Recurrence)"
Pdt O272,141,2.274193548387097,119.4320987654321,7140,"Underperformers (Low Pop, Low Recurrence)"
Pdt O273,166,2.049382716049383,125.67415730337079,8400,"Underperformers (Low Pop, Low Recurrence)"
Pdt O274,207,2.090909090909091,128.19819819819818,10200,"Underperformers (Low Pop, Low Recurrence)"
Pdt O275,108,2.4545454545454546,115.18461538461538,5280,"Underperformers (Low Pop, Low Recurrence)"
Pdt O276,542,4.2015503875969,65.45060240963855,49072,"Niche/Loyalty Products (Low Pop, High Recurrence)"
Pdt O277,1003,2.941348973607038,103.8406015037594,86440,"Mass Appeal Products (High Pop, Low Recurrence)"
Pdt O278,1554,4.111111111111111,77.03291139240507,303936,"Star Products (High Pop, High Recurrence)"
Pdt O279,1237,4.481884057971015,47.67151767151767,227936,"Star Products (High Pop, High Recurrence)"
Pdt O280,2511,5.342553191489362,52.378861003861005,525736,"Star Products (High Pop, High Recurrence)"
Pdt O281,922,4.519607843137255,67.5048678720445,81312,"Star Products (High Pop, High Recurrence)"
Pdt O282,1035,4.330543933054393,68.45864661654136,128112,"Star Products (High Pop, High Recurrence)"
Pdt O283,1925,4.445727482678984,76.25166444740346,245160,"Star Products (High Pop, High Recurrence)"
Pdt O284,101,1.7118644067796611,125.38095238095238,3352,"Underperformers (Low Pop, Low Recurrence)"
Pdt O285,309,2.663793103448276,79.93782383419689,11112,"Underperformers (Low Pop, Low Recurrence)"
Pdt O286,304,2.980392156862745,85.17733990147784,8380,"Underperformers (Low Pop, Low Recurrence)"
Pdt O287,121,1.7285714285714286,46.549019607843135,6744,"Underperformers (Low Pop, Low Recurrence)"
Pdt O288,129,2.2241379310344827,98.66197183098592,3576,"Underperformers (Low Pop, Low Recurrence)"
Pdt O289,1814,4.639386189258312,69.62473794549267,308036,"Star Products (High Pop, High Recurrence)"
Pdt O290,416,2.5060240963855422,85.06746031746032,18876,"Underperformers (Low Pop, Low Recurrence)"
Pdt O291,1170,3.2142857142857144,90.95710784313725,345472,"Mass Appeal Products (High Pop, Low Recurrence)"
Pdt O292,901,3.217857142857143,87.79807692307692,59516,"Mass Appeal Products (High Pop, Low Recurrence)"
Pdt O293,1676,4.148514851485149,73.77240841777085,352928,"Star Products (High Pop, High Recurrence)"
Pdt O294,493,3.5467625899280577,67.47353760445682,21664,"Underperformers (Low Pop, Low Recurrence)"
Pdt O295,283,2.504424778761062,90.3179190751445,11416,"Underperformers (Low Pop, Low Recurrence)"
Pdt O296,2380,6.2631578947368425,53.219861660079054,196508,"Star Products (High Pop, High Recurrence)"
Pdt O297,1695,5.044642857142857,62.03717201166181,114576,"Star Products (High Pop, High Recurrence)"
Pdt R298,217,2.7125,105.04379562043796,5640,"Underperformers (Low Pop, Low Recurrence)"
Pdt R299,249,4.293103448275862,51.03076923076923,6948,"Niche/Loyalty Products (Low Pop, High Recurrence)"
Pdt R300,486,4.673076923076923,52.343669250645995,14112,"Niche/Loyalty Products (Low Pop, High Recurrence)"
Pdt R301,307,3.8375,49.628691983122366,9468,"Niche/Loyalty Products (Low Pop, High Recurrence)"
Pdt R302,173,3.46,83.91869918699187,3008,"Underperformers (Low Pop, Low Recurrence)"
Pdt R303,1,1.0,,48,"Underperformers (Low Pop, Low Recurrence)"
Pdt R304,658,4.874074074074074,60.62595419847328,15308,"Niche/Loyalty Products (Low Pop, High Recurrence)"
Pdt R305,2,1.0,,32,"Underperformers (Low Pop, Low Recurrence)"
Pdt R306,305,5.350877192982456,61.95161290322581,5664,"Niche/Loyalty Products (Low Pop, High Recurrence)"
Pdt R307,349,4.653333333333333,67.7007299270073,18460,"Niche/Loyalty Products (Low Pop, High Recurrence)"
Pdt R308,807,5.683098591549296,56.05555555555556,17164,"Star Products (High Pop, High Recurrence)"
Pdt S309,30,1.4285714285714286,48.22222222222222,624,"Underperformers (Low Pop, Low Recurrence)"
Pdt S310,6,1.0,,144,"Underperformers (Low Pop, Low Recurrence)"
Pdt S311,13,1.0,,288,"Underperformers (Low Pop, Low Recurrence)"
Pdt S312,44,1.4666666666666666,88.5,1020,"Underperformers (Low Pop, Low Recurrence)"
Pdt S313,326,2.1447368421052633,58.17613636363637,7812,"Underperformers (Low Pop, Low Recurrence)"
Pdt S314,428,2.183673469387755,60.32905982905983,10164,"Underperformers (Low Pop, Low Recurrence)"
Pdt S315,35,1.25,64.625,696,"Underperformers (Low Pop, Low Recurrence)"
Pdt S316,451,2.2893401015228427,56.67578125,10872,"Underperformers (Low Pop, Low Recurrence)"
Pdt S317,7,1.0,,120,"Underperformers (Low Pop, Low Recurrence)"
Pdt S318,56,1.3333333333333333,103.8,1080,"Underperformers (Low Pop, Low Recurrence)"
Pdt S319,25,1.25,52.6,468,"Underperformers (Low Pop, Low Recurrence)"
Pdt S320,415,2.9225352112676055,74.1413043478261,16808,"Underperformers (Low Pop, Low Recurrence)"
Pdt S321,1,1.0,,48,"Underperformers (Low Pop, Low Recurrence)"
Pdt S322,215,2.9054054054054053,52.83916083916084,12648,"Underperformers (Low Pop, Low Recurrence)"
Pdt S323,547,3.551948051948052,68.07070707070707,24280,"Niche/Loyalty Products (Low Pop, High Recurrence)"
Pdt S324,401,3.2338709677419355,73.73214285714286,22672,"Underperformers (Low Pop, Low Recurrence)"
Pdt S325,1,1.0,,24,"Underperformers (Low Pop, Low Recurrence)"
Pdt S326,859,3.3952569169960474,81.17792421746293,28288,"Mass Appeal Products (High Pop, Low Recurrence)"
Pdt S327,468,2.5161290322580645,107.18661971830986,14496,"Underperformers (Low Pop, Low Recurrence)"
Pdt S328,35,1.6666666666666667,43.214285714285715,708,"Underperformers (Low Pop, Low Recurrence)"
Pdt S329,14,1.1666666666666667,144.5,252,"Underperformers (Low Pop, Low Recurrence)"
Pdt S330,6,1.0,,132,"Underperformers (Low Pop, Low Recurrence)"
Pdt S331,297,1.9411764705882353,84.46206896551725,7076,"Underperformers (Low Pop, Low Recurrence)"
Pdt S332,39,1.3,100.11111111111111,756,"Underperformers (Low Pop, Low Recurrence)"
Pdt S333,368,2.2576687116564416,77.16504854368932,9116,"Underperformers (Low Pop, Low Recurrence)"
Pdt S334,38,1.5833333333333333,56.142857142857146,864,"Underperformers (Low Pop, Low Recurrence)"
Pdt S335,35,1.25,67.14285714285714,588,"Underperformers (Low Pop, Low Recurrence)"
Pdt S336,35,1.4583333333333333,53.63636363636363,928,"Underperformers (Low Pop, Low Recurrence)"
Pdt S337,22,1.1,115.0,364,"Underperformers (Low Pop, Low Recurrence)"
Pdt S338,249,2.2035398230088497,72.40579710144928,6024,"Underperformers (Low Pop, Low Recurrence)"
Pdt S339,2,1.0,,36,"Underperformers (Low Pop, Low Recurrence)"
Pdt S340,81,2.25,106.17391304347827,3640,"Underperformers (Low Pop, Low Recurrence)"
Pdt S341,103,2.06,98.75471698113208,5472,"Underperformers (Low Pop, Low Recurrence)"
Pdt S342,31,1.24,50.0,784,"Underperformers (Low Pop, Low Recurrence)"
Pdt S343,29,1.3181818181818181,30.714285714285715,552,"Underperformers (Low Pop, Low Recurrence)"
Pdt S344,146,2.056338028169014,111.4,2940,"Underperformers (Low Pop, Low Recurrence)"
Pdt S345,40,1.25,156.5,672,"Underperformers (Low Pop, Low Recurrence)"
Pdt V346,1,1.0,,12,"Underperformers (Low Pop, Low Recurrence)"
Pdt V347,6,1.0,,132,"Underperformers (Low Pop, Low Recurrence)"
Pdt V348,2,1.0,,36,"Underperformers (Low Pop, Low Recurrence)"
Pdt V349,272,3.238095238095238,42.56613756613756,5412,"Underperformers (Low Pop, Low Recurrence)"
Pdt V350,188,3.1864406779661016,53.434108527131784,3644,"Underperformers (Low Pop, Low Recurrence)"
Pdt V351,323,2.41044776119403,75.58585858585859,8724,"Underperformers (Low Pop, Low Recurrence)"
Pdt V352,207,2.0495049504950495,82.54464285714286,4848,"Underperformers (Low Pop, Low Recurrence)"
Pdt V353,198,2.0,78.51428571428572,4332,"Underperformers (Low Pop, Low Recurrence)"
Pdt V354,373,1.264406779661017,11.82716049382716,47100,"Underperformers (Low Pop, Low Recurrence)"
Pdt V355,216,1.3251533742331287,16.945454545454545,10932,"Underperformers (Low Pop, Low Recurrence)"
Pdt V356,828,3.942857142857143,69.36187399030695,25336,"Star Products (High Pop, High Recurrence)"
Pdt V357,431,3.0785714285714287,69.73037542662117,12928,"Underperformers (Low Pop, Low Recurrence)"
Pdt V358,17,1.0,0.0,4452,"Underperformers (Low Pop, Low Recurrence)"
Pdt V359,11,1.0,0.0,3180,"Underperformers (Low Pop, Low Recurrence)"
Pdt V360,6,1.0,,224,"Underperformers (Low Pop, Low Recurrence)"
Pdt V361,1,1.0,,48,"Underperformers (Low Pop, Low Recurrence)"
Pdt V362,2734,5.350293542074364,56.91087344028521,93568,"Star Products (High Pop, High Recurrence)"
Pdt V363,1967,4.809290953545232,61.50924155513066,61632,"Star Products (High Pop, High Recurrence)"
Pdt V364,9,1.125,114.0,156,"Underperformers (Low Pop, Low Recurrence)"
Pdt V365,2537,5.177551020408163,61.159134615384616,84664,"Star Products (High Pop, High Recurrence)"
Pdt V366,28,1.4736842105263157,95.0,392,"Underperformers (Low Pop, Low Recurrence)"
Pdt V367,4,1.0,,84,"Underperformers (Low Pop, Low Recurrence)"
Pdt V368,10,1.0,,192,"Underperformers (Low Pop, Low Recurrence)"
Pdt V369,1,1.0,,24,"Underperformers (Low Pop, Low Recurrence)"
Pdt V370,1,1.0,,24,"Underperformers (Low Pop, Low Recurrence)"
Pdt V371,1840,4.754521963824289,60.755268524813054,54816,"Star Products (High Pop, High Recurrence)"
Pdt V372,1921,4.8025,59.32397126061398,65392,"Star Products (High Pop, High Recurrence)"
Pdt V373,1648,5.231746031746032,55.047548291233284,58932,"Star Products (High Pop, High Recurrence)"
Pdt V374,11,1.0,,312,"Underperformers (Low Pop, Low Recurrence)"
Pdt V375,1157,4.2536764705882355,61.27221597300338,35808,"Star Products (High Pop, High Recurrence)"
Pdt V376,32,1.5238095238095237,184.0909090909091,504,"Underperformers (Low Pop, Low Recurrence)"
Pdt V377,430,2.9452054794520546,93.83450704225352,10992,"Underperformers (Low Pop, Low Recurrence)"
Pdt V378,1269,4.23,64.37230769230769,39372,"Star Products (High Pop, High Recurrence)"
Pdt V379,1262,4.292517006802721,68.67679837892604,40760,"Star Products (High Pop, High Recurrence)"
Pdt V380,2051,4.327004219409282,64.01451104100947,61680,"Star Products (High Pop, High Recurrence)"
Pdt V381,4752,7.714285714285714,47.3611442193087,322116,"Star Products (High Pop, High Recurrence)"
Pdt V382,1698,4.41038961038961,61.961911874533236,58596,"Star Products (High Pop, High Recurrence)"
Pdt V383,1809,4.876010781671159,56.392931392931395,60872,"Star Products (High Pop, High Recurrence)"
Pdt V384,12,1.3333333333333333,52.666666666666664,180,"Underperformers (Low Pop, Low Recurrence)"
Pdt V385,244,2.1403508771929824,126.13076923076923,12064,"Underperformers (Low Pop, Low Recurrence)"
Pdt V386,775,3.0632411067193677,85.92175572519083,36268,"Mass Appeal Products (High Pop, Low Recurrence)"
Pdt V387,332,2.5343511450381677,101.54950495049505,17696,"Underperformers (Low Pop, Low Recurrence)"
Pdt V388,5,1.0,,60,"Underperformers (Low Pop, Low Recurrence)"
Pdt V389,174,2.1219512195121952,135.72826086956522,2808,"Underperformers (Low Pop, Low Recurrence)"
Pdt V390,132,2.2,125.58333333333333,2160,"Underperformers (Low Pop, Low Recurrence)"
Pdt V391,444,3.148936170212766,71.08496732026144,8876,"Underperformers (Low Pop, Low Recurrence)"
Pdt V392,115,2.0535714285714284,108.42372881355932,1884,"Underperformers (Low Pop, Low Recurrence)"
Pdt V393,254,2.6458333333333335,82.77914110429448,5736,"Underperformers (Low Pop, Low Recurrence)"
Pdt V394,310,2.897196261682243,79.2512315270936,7032,"Underperformers (Low Pop, Low Recurrence)"
Pdt V395,328,3.123809523809524,76.08928571428571,7584,"Underperformers (Low Pop, Low Recurrence)"
Pdt V396,360,3.6,59.749049429657795,8908,"Niche/Loyalty Products (Low Pop, High Recurrence)"
Pdt V397,154,2.5245901639344264,80.98958333333333,4548,"Underperformers (Low Pop, Low Recurrence)"
Pdt V398,162,2.219178082191781,118.04494382022472,2544,"Underperformers (Low Pop, Low Recurrence)"
Pdt V399,158,1.8588235294117648,134.23287671232876,2676,"Underperformers (Low Pop, Low Recurrence)"
Pdt V400,144,1.894736842105263,141.8985507246377,2448,"Underperformers (Low Pop, Low Recurrence)"
Pdt V401,559,3.606451612903226,66.26650366748166,12132,"Niche/Loyalty Products (Low Pop, High Recurrence)"
Pdt V402,485,3.6194029850746268,62.39316239316239,9780,"Niche/Loyalty Products (Low Pop, High Recurrence)"
Pdt V403,183,2.259259259259259,81.45098039215686,3996,"Underperformers (Low Pop, Low Recurrence)"
Pdt V404,364,3.033333333333333,66.26016260162602,8036,"Underperformers (Low Pop, Low Recurrence)"
Pdt V405,30,1.25,184.0,444,"Underperformers (Low Pop, Low Recurrence)"
Pdt V406,75,1.829268292682927,133.91176470588235,1056,"Underperformers (Low Pop, Low Recurrence)"
Pdt V407,484,4.792079207920792,57.36132315521628,13152,"Niche/Loyalty Products (Low Pop, High Recurrence)"
Pdt V408,461,4.752577319587629,56.32336956521739,11136,"Niche/Loyalty Products (Low Pop, High Recurrence)"
Pdt V409,558,5.470588235294118,51.71583514099783,13716,"Niche/Loyalty Products (Low Pop, High Recurrence)"
Pdt V410,63,2.032258064516129,149.09375,888,"Underperformers (Low Pop, Low Recurrence)"
Pdt V411,306,4.191780821917808,67.92765957446808,6516,"Niche/Loyalty Products (Low Pop, High Recurrence)"
Pdt V412,96,2.4,115.91228070175438,1452,"Underperformers (Low Pop, Low Recurrence)"
Pdt V413,43,1.5925925925925926,190.125,680,"Underperformers (Low Pop, Low Recurrence)"
Pdt V414,55,1.8333333333333333,133.12,864,"Underperformers (Low Pop, Low Recurrence)"
Pdt V415,384,4.860759493670886,52.73139158576052,8652,"Niche/Loyalty Products (Low Pop, High Recurrence)"
Pdt V416,277,3.9571428571428573,59.0,7072,"Niche/Loyalty Products (Low Pop, High Recurrence)"
Pdt V417,169,2.913793103448276,78.18018018018019,3396,"Underperformers (Low Pop, Low Recurrence)"
Pdt V418,313,4.742424242424242,54.58893280632411,7200,"Niche/Loyalty Products (Low Pop, High Recurrence)"
Pdt V419,11,1.0,,264,"Underperformers (Low Pop, Low Recurrence)"
Pdt V420,1316,4.231511254019293,67.84442270058709,47076,"Star Products (High Pop, High Recurrence)"
Pdt V421,747,3.442396313364055,72.99628252788104,24444,"Mass Appeal Products (High Pop, Low Recurrence)"
Pdt V422,672,3.310344827586207,82.97478991596638,19500,"Mass Appeal Products (High Pop, Low Recurrence)"
Pdt V423,1081,3.689419795221843,70.67621419676215,36368,"Star Products (High Pop, High Recurrence)"
Pdt V424,865,3.6965811965811968,73.69673405909798,25332,"Star Products (High Pop, High Recurrence)"
Pdt V425,556,3.3493975903614457,74.50502512562814,16992,"Underperformers (Low Pop, Low Recurrence)"
Pdt V426,994,4.073770491803279,70.57818659658345,33396,"Star Products (High Pop, High Recurrence)"
Pdt V427,941,3.98728813559322,63.157082748948106,38296,"Star Products (High Pop, High Recurrence)"
Pdt V428,652,3.3958333333333335,77.24137931034483,22992,"Underperformers (Low Pop, Low Recurrence)"
Pdt X429,1294,3.6866096866096867,68.55813953488372,86652,"Star Products (High Pop, High Recurrence)"
Pdt X430,724,4.7631578947368425,43.73483535528596,24248,"Star Products (High Pop, High Recurrence)"
Pdt X431,790,4.968553459119497,48.389324960753534,30948,"Star Products (High Pop, High Recurrence)"
Pdt X432,931,5.508875739644971,41.91958495460441,36372,"Star Products (High Pop, High Recurrence)"
Pdt X433,1241,6.236180904522613,38.256410256410255,53088,"Star Products (High Pop, High Recurrence)"
Pdt X434,653,4.984732824427481,48.503787878787875,19608,"Niche/Loyalty Products (Low Pop, High Recurrence)"
Pdt X435,555,4.7844827586206895,45.911764705882355,18372,"Niche/Loyalty Products (Low Pop, High Recurrence)"
Pdt X436,264,3.0344827586206895,55.543956043956044,7308,"Underperformers (Low Pop, Low Recurrence)"
Pdt X437,219,2.7375,52.05555555555556,5616,"Underperformers (Low Pop, Low Recurrence)"
Pdt X438,2547,4.936046511627907,52.82446808510638,62460,"Star Products (High Pop, High Recurrence)"
Pdt X440,1880,4.205816554809844,58.2908339076499,43008,"Star Products (High Pop, High Recurrence)"
Pdt X441,1246,3.5702005730659025,61.29405286343612,28872,"Star Products (High Pop, High Recurrence)"
Pdt X443,1442,3.6140350877192984,60.471698113207545,33468,"Star Products (High Pop, High Recurrence)"
Pdt X445,460,2.5136612021857925,63.602112676056336,9912,"Underperformers (Low Pop, Low Recurrence)"
Pdt X446,419,2.394285714285714,65.91967871485944,8988,"Underperformers (Low Pop, Low Recurrence)"
Pdt X447,946,3.2286689419795223,67.96818181818182,21036,"Mass Appeal Products (High Pop, Low Recurrence)"
Pdt X448,669,3.484375,54.72384937238494,15348,"Mass Appeal Products (High Pop, Low Recurrence)"
Pdt X449,591,2.5148936170212766,42.26123595505618,14820,"Underperformers (Low Pop, Low Recurrence)"
Pdt X450,11,1.2222222222222223,35.5,348,"Underperformers (Low Pop, Low Recurrence)"
Pdt X451,8,1.0,,180,"Underperformers (Low Pop, Low Recurrence)"
Pdt X452,32,1.0666666666666667,27.5,804,"Underperformers (Low Pop, Low Recurrence)"
Pdt X453,23,1.0,,648,"Underperformers (Low Pop, Low Recurrence)"
Pdt X454,2,1.0,,36,"Underperformers (Low Pop, Low Recurrence)"
Pdt X455,1,1.0,,48,"Underperformers (Low Pop, Low Recurrence)"
Pdt X456,21,1.05,21.0,552,"Underperformers (Low Pop, Low Recurrence)"
Pdt X457,7,1.0,,120,"Underperformers (Low Pop, Low Recurrence)"
Pdt X458,5,1.25,34.0,84,"Underperformers (Low Pop, Low Recurrence)"
Pdt X459,1,1.0,,96,"Underperformers (Low Pop, Low Recurrence)"
Pdt X460,425,4.0476190476190474,72.36842105263158,14032,"Niche/Loyalty Products (Low Pop, High Recurrence)"
Pdt X461,154,2.138888888888889,41.095238095238095,4380,"Underperformers (Low Pop, Low Recurrence)"
Pdt X462,131,1.8450704225352113,46.03174603174603,4464,"Underperformers (Low Pop, Low Recurrence)"
Pdt X463,183,2.152941176470588,35.95049504950495,5628,"Underperformers (Low Pop, Low Recurrence)"
Pdt X464,362,4.309523809523809,64.40357142857142,9948,"Niche/Loyalty Products (Low Pop, High Recurrence)"
Pdt X465,136,2.0923076923076924,36.82432432432432,4200,"Underperformers (Low Pop, Low Recurrence)"
Pdt X466,572,3.3846153846153846,79.46059113300493,13584,"Underperformers (Low Pop, Low Recurrence)"
Pdt X467,179,1.6422018348623852,61.357142857142854,4416,"Underperformers (Low Pop, Low Recurrence)"
Pdt X468,338,1.988235294117647,49.035714285714285,8940,"Underperformers (Low Pop, Low Recurrence)"
Pdt X469,337,2.0424242424242425,45.589595375722546,7744,"Underperformers (Low Pop, Low Recurrence)"
Pdt X470,340,2.111801242236025,47.04891304347826,8280,"Underperformers (Low Pop, Low Recurrence)"
Pdt X471,478,2.4263959390862944,73.99651567944251,11016,"Underperformers (Low Pop, Low Recurrence)"
Pdt X472,377,2.968503937007874,87.04761904761905,7156,"Underperformers (Low Pop, Low Recurrence)"
Pdt X473,288,2.5945945945945947,96.80446927374301,5368,"Underperformers (Low Pop, Low Recurrence)"
Pdt X474,422,2.9510489510489513,85.46808510638297,8040,"Underperformers (Low Pop, Low Recurrence)"
Pdt X475,323,2.543307086614173,99.665,6228,"Underperformers (Low Pop, Low Recurrence)"
Pdt X476,512,3.657142857142857,70.50933333333333,10728,"Niche/Loyalty Products (Low Pop, High Recurrence)"
Pdt X477,58,1.45,169.11111111111111,1172,"Underperformers (Low Pop, Low Recurrence)"
Pdt X478,2,1.0,,60,"Underperformers (Low Pop, Low Recurrence)"
Pdt X479,6,1.2,29.0,96,"Underperformers (Low Pop, Low Recurrence)"
Pdt X480,397,2.9407407407407407,90.8030303030303,7920,"Underperformers (Low Pop, Low Recurrence)"
Pdt X481,972,3.306122448979592,73.55964653902798,25432,"Mass Appeal Products (High Pop, Low Recurrence)"
Pdt X482,394,2.0520833333333335,74.8128078817734,15564,"Underperformers (Low Pop, Low Recurrence)"
Pdt X483,1089,3.6059602649006623,67.25949367088607,29532,"Star Products (High Pop, High Recurrence)"
Pdt X484,1011,3.462328767123288,69.30843706777317,40008,"Mass Appeal Products (High Pop, Low Recurrence)"
Pdt X485,706,2.812749003984064,68.0412147505423,30680,"Mass Appeal Products (High Pop, Low Recurrence)"
Pdt X486,290,1.8471337579617835,73.90225563909775,11980,"Underperformers (Low Pop, Low Recurrence)"
Pdt X487,440,2.2564102564102564,76.69635627530364,19468,"Underperformers (Low Pop, Low Recurrence)"
Pdt X488,101,1.5303030303030303,81.91428571428571,2556,"Underperformers (Low Pop, Low Recurrence)"
Pdt X489,715,2.68796992481203,87.83964365256125,19512,"Mass Appeal Products (High Pop, Low Recurrence)"
Pdt X490,656,2.8034188034188032,87.62796208530806,16908,"Underperformers (Low Pop, Low Recurrence)"
Pdt X491,2,1.0,,72,"Underperformers (Low Pop, Low Recurrence)"
Pdt X492,30,1.2,137.2,732,"Underperformers (Low Pop, Low Recurrence)"
Pdt X493,953,3.124590163934426,86.50077041602465,24140,"Mass Appeal Products (High Pop, Low Recurrence)"
Pdt X494,123,1.618421052631579,75.91489361702128,3160,"Underperformers (Low Pop, Low Recurrence)"
Pdt X495,699,2.7628458498023716,79.70089285714286,32208,"Mass Appeal Products (High Pop, Low Recurrence)"
Pdt X496,30,1.4285714285714286,81.0,524,"Underperformers (Low Pop, Low Recurrence)"
Pdt X497,384,2.245614035087719,55.66197183098591,10100,"Underperformers (Low Pop, Low Recurrence)"
Pdt X498,94,1.6206896551724137,41.63157894736842,2928,"Underperformers (Low Pop, Low Recurrence)"
Pdt X499,221,1.8114754098360655,47.36363636363637,5172,"Underperformers (Low Pop, Low Recurrence)"
Pdt X500,1,1.0,,24,"Underperformers (Low Pop, Low Recurrence)"
Pdt X501,75,1.4705882352941178,63.083333333333336,2280,"Underperformers (Low Pop, Low Recurrence)"
Pdt X502,65,1.5476190476190477,33.96,2004,"Underperformers (Low Pop, Low Recurrence)"
Pdt Y503,358,1.9042553191489362,64.14035087719299,16944,"Underperformers (Low Pop, Low Recurrence)"
Pdt Y504,139,1.4631578947368422,55.977777777777774,6960,"Underperformers (Low Pop, Low Recurrence)"
Pdt Y505,275,1.8581081081081081,66.4015748031496,12980,"Underperformers (Low Pop, Low Recurrence)"
Pdt Y506,291,1.9795918367346939,92.93055555555556,12636,"Underperformers (Low Pop, Low Recurrence)"
Pdt Y507,273,1.82,120.52032520325203,12036,"Underperformers (Low Pop, Low Recurrence)"
